provider,session_or_resource,type,access,url,copy_into_repo
Cerebellum,FMGE Jan 2026 full recall,public recall video,free,https://www.youtube.com/watch?v=WL71vnx15PM,no-link-only
Cerebellum,FMGE Jan 2026 recall alternate,public recall video,free,https://www.youtube.com/watch?v=1lao0uUNjug,no-link-only
Cerebellum,FMGE Jan 2026 OBG recall,public recall video,free,https://www.youtube.com/watch?v=OG_nfOYE-2Q,no-link-only
Cerebellum,App and simulated exams,provider overview,public overview,https://www.cerebellumacademy.com/app/,no-link-only
Cerebellum,Hyperrevision FMGE,provider overview,public overview paid course,https://www.cerebellumacademy.com/hyperrevision-20th-course-fmge-page/,no-link-only
Cerebellum,QR sample pages vol 5,public sample pages,free public sample,https://www.cerebellumacademy.com/qrn-sample-pages-vol-5/,no-link-only
PrepLadder,FMGE Jan 2026 recall playlist,public recall playlist,free,https://www.youtube.com/playlist?list=PLJY0wCIFC-JjaTLjh7JzLmwLoZXvc72kC,no-link-only
PrepLadder,FMGE Jan 2024 OBG recall,public recall video,free,https://www.youtube.com/watch?v=9S9tYoVFq1E,no-link-only
PrepLadder,FMGE Jan 2024 Orthopedics recall,public recall video,free,https://www.youtube.com/watch?v=za2Ondjhkjc,no-link-only
Marrow,FMGE product page,provider overview,public overview paid QBank,https://www.marrow.com/fmge,no-link-only
Marrow,FMGE Clinical Mini Test Series 2026,test pattern description,public description Pro-only tests,https://www.marrow.com/blog/fmge-clinical-mini-test-series-starts-from-april-5-2026/,no-link-only
Careers360,FMGE June 2026 memory-based paper,memory-based PDF landing page,free download page,https://medicine.careers360.com/download/sample-papers/fmge-june-2026-memory-based-question-paper-detailed-solutions,no-link-only
Careers360,FMGE Jan 2026 memory-based paper,memory-based PDF landing page,free download page,https://medicine.careers360.com/download/sample-papers/fmge-question-paper-january-2026-memory-based,no-link-only
Careers360,FMGE June 2025 memory-based paper,memory-based PDF landing page,free download page,https://medicine.careers360.com/download/sample-papers/fmge-2025-question-paper-answers,no-link-only
Careers360,FMGE previous-year hub,memory-based paper index,public,https://medicine.careers360.com/articles/fmge-question-paper,no-link-only
DBMCI,FMGE Jan 2024 recall playlist,public recall playlist,free,https://youtube.com/playlist?list=PLIsHYgx_EIIBBQ006n2B4sfJd_qeEftp-,no-link-only
