year,session,part,provider,resource_type,access,url,observed_utc,evidence_class,corpus_status,duplicate_status,notes
2026,June,A,FMGEPrep,practice_preview,public_sample,https://fmgeprep.com/fmge-previous-year-question-papers/fmge-june-2026-part-a,2026-09-28,R3,local_cache,not_checked,10_public_sample_questions_with_answer_key_extracted_2026-09-28_full_practice_gated
2026,June,B,FMGEPrep,practice_preview,public_sample,https://fmgeprep.com/fmge-previous-year-question-papers/fmge-june-2026-part-b,2026-09-28,R3,local_cache,not_checked,10_public_sample_questions_with_answer_key_extracted_2026-09-28_full_practice_gated
2026,January,1,FMGEPrep,practice_preview,public_sample,https://fmgeprep.com/fmge-previous-year-question-papers/fmge-jan-2026-part-1,2026-09-28,R3,local_cache,not_checked,10_public_sample_questions_with_answer_key_extracted_2026-09-28_full_practice_gated
2026,January,2,FMGEPrep,practice_preview,public_sample,https://fmgeprep.com/fmge-previous-year-question-papers/fmge-jan-2026-part-2,2026-09-28,R3,local_cache,not_checked,10_public_sample_questions_with_answer_key_extracted_2026-09-28_full_practice_gated
2025,July,1,FMGEPrep,practice_preview,public_sample,https://fmgeprep.com/fmge-previous-year-question-papers/fmge-july-2025-part-1,2026-09-28,R3,local_cache,not_checked,10_public_sample_questions_with_answer_key_extracted_2026-09-28_full_practice_gated
2025,July,2,FMGEPrep,practice_preview,public_sample,https://fmgeprep.com/fmge-previous-year-question-papers/fmge-july-2025-part-2,2026-09-28,R3,local_cache,not_checked,10_public_sample_questions_with_answer_key_extracted_2026-09-28_full_practice_gated
2025,January,1,FMGEPrep,practice_preview,public_sample,https://fmgeprep.com/fmge-previous-year-question-papers/fmge-jan-2025-part-1,2026-09-28,R3,local_cache,not_checked,10_public_sample_questions_with_answer_key_extracted_2026-09-28_full_practice_gated
2025,January,2,FMGEPrep,practice_preview,public_sample,https://fmgeprep.com/fmge-previous-year-question-papers/fmge-jan-2025-part-2,2026-09-28,R3,local_cache,not_checked,10_public_sample_questions_with_answer_key_extracted_2026-09-28_full_practice_gated
2024,July,1,FMGEPrep,practice_preview,public_sample,https://fmgeprep.com/fmge-previous-year-question-papers/fmge-july-2024-part-1,2026-09-28,R3,local_cache,not_checked,10_public_sample_questions_with_answer_key_extracted_2026-09-28_full_practice_gated
2024,July,2,FMGEPrep,practice_preview,public_sample,https://fmgeprep.com/fmge-previous-year-question-papers/fmge-july-2024-part-2,2026-09-28,R3,local_cache,not_checked,10_public_sample_questions_with_answer_key_extracted_2026-09-28_full_practice_gated
2024,January,1,FMGEPrep,practice_preview,public_sample,https://fmgeprep.com/fmge-previous-year-question-papers/fmge-jan-2024-part-1,2026-09-28,R3,local_cache,not_checked,10_public_sample_questions_with_answer_key_extracted_2026-09-28_full_practice_gated
2024,January,2,FMGEPrep,practice_preview,public_sample,https://fmgeprep.com/fmge-previous-year-question-papers/fmge-jan-2024-part-2,2026-09-28,R3,local_cache,not_checked,10_public_sample_questions_with_answer_key_extracted_2026-09-28_full_practice_gated
2023,July,1,FMGEPrep,practice_preview,public_sample,https://fmgeprep.com/fmge-previous-year-question-papers/fmge-july-2023-part-1,2026-09-28,R3,local_cache,not_checked,10_public_sample_questions_with_answer_key_extracted_2026-09-28_full_practice_gated
2023,July,2,FMGEPrep,practice_preview,public_sample,https://fmgeprep.com/fmge-previous-year-question-papers/fmge-july-2023-part-2,2026-09-28,R3,local_cache,not_checked,10_public_sample_questions_with_answer_key_extracted_2026-09-28_full_practice_gated
2023,January,1,FMGEPrep,practice_preview,public_sample,https://fmgeprep.com/fmge-previous-year-question-papers/fmge-jan-2023-part-1,2026-09-28,R3,local_cache,not_checked,10_public_sample_questions_with_answer_key_extracted_2026-09-28_full_practice_gated
2023,January,2,FMGEPrep,practice_preview,public_sample,https://fmgeprep.com/fmge-previous-year-question-papers/fmge-jan-2023-part-2,2026-09-28,R3,local_cache,not_checked,10_public_sample_questions_with_answer_key_extracted_2026-09-28_full_practice_gated
2022,June,1,FMGEPrep,practice_preview,public_sample,https://fmgeprep.com/fmge-previous-year-question-papers/fmge-june-2022-part-1,2026-09-28,R3,local_cache,not_checked,10_public_sample_questions_with_answer_key_extracted_2026-09-28_full_practice_gated
2022,June,2,FMGEPrep,practice_preview,public_sample,https://fmgeprep.com/fmge-previous-year-question-papers/fmge-june-2022-part-2,2026-09-28,R3,local_cache,not_checked,10_public_sample_questions_with_answer_key_extracted_2026-09-28_full_practice_gated
2025,July,1,PrepLadder,recall_pdf,direct_pdf,https://image.prepladder.com/content/FMGE%20July%202025%20Part%201.pdf,2026-09-28,R1,local,canonical,inspected_2026-09-28_292_pages_150_questions_extracted_no_subject_labels
2025,July,2,PrepLadder,recall_pdf,direct_pdf,https://image.prepladder.com/content/FMGE%20July%202025%20Part%202.pdf,2026-09-28,R1,local,canonical,inspected_2026-09-28_293_pages_150_questions_extracted_no_subject_labels
2025,January,1,PrepLadder,recall_pdf,direct_pdf,https://image.prepladder.com/content/FMGE%20Jan%202025%20Part%201.pdf,2026-09-28,R1,local,canonical,inspected_2026-09-28_358_pages_150_questions_extracted_no_subject_labels
2025,January,2,PrepLadder,recall_pdf,direct_pdf,https://image.prepladder.com/content/FMGE%20Jan%202025%20Part%202.pdf,2026-09-28,R1,local,canonical_for_duplicate_group,inspected_2026-09-28_297_pages_150_questions_extracted_no_subject_labels
2024,June,,PrepLadder,recall_pdf,direct_pdf,https://image.prepladder.com/content/FMGE_June_2024_Question_Paper.docx.pdf,2026-09-28,R3,local,canonical,inspected_2026-09-28_38_pages_53_question_provider_selection_not_full_paper
2024,January,,PrepLadder,recall_pdf,direct_pdf,https://image.prepladder.com/content/FMGE_Jan_2024_Question_paper.docx.pdf,2026-09-28,R3,local,canonical,inspected_2026-09-28_40_pages_49_question_provider_selection_not_full_paper
2023,January,,PrepLadder,recall_pdf,direct_pdf,https://image.prepladder.com/content/fmge-jan-2023-pyq-pdf.pdf,2026-09-28,R1,local,canonical_for_duplicate_group,inspected_2026-09-28_144_pages_299_questions_extracted_q102_absent_in_source
2022,June,,PrepLadder,recall_pdf,direct_pdf,https://image.prepladder.com/content/fmge-jun-2022-pyq-pdf.pdf,2026-09-28,R1,local,canonical_for_duplicate_group,inspected_149_pages_300_questions_extracted_subject_labelled
2025,annual,,NEETFMGE Plans,recall_pdf,direct_pdf,https://neetfmgeplans.com/pyqfiles/FMGE-2025.pdf,2026-09-28,R4,remote_only,verified_visual_match_prepladder_jan_2025_part_2,image_only_297_pages_same_first_question_as_prepladder_jan_2025_part_2
2024,annual,,NEETFMGE Plans,recall_pdf,direct_pdf,https://neetfmgeplans.com/pyqfiles/FMGE-2024.pdf,2026-09-28,R4,remote_only,verified_visual_match_prepladder_jan_and_june_2024,image_only_78_pages_equal_to_prepladder_jan_2024_40_plus_june_2024_38_pages
2023,annual,,NEETFMGE Plans,recall_pdf,direct_pdf,https://neetfmgeplans.com/pyqfiles/FMGE-2023.pdf,2026-09-28,R4,remote_only,verified_hash_match_prepladder_2023,byte_identical_to_Prepladder_2023_pdf
2022,annual,,NEETFMGE Plans,recall_pdf,direct_pdf,https://neetfmgeplans.com/pyqfiles/FMGE-2022.pdf,2026-09-28,R4,remote_only,verified_hash_match_prepladder_2022,byte_identical_to_Prepladder_2022_pdf
2026,June,,Careers360,download_page,landing_page,https://medicine.careers360.com/download/sample-papers/fmge-june-2026-memory-based-question-paper-detailed-solutions,2026-09-28,R5,remote_only,not_checked,pdf_download_not_verified
2026,January,,Careers360,download_page,landing_page,https://medicine.careers360.com/download/sample-papers/fmge-question-paper-january-2026-memory-based,2026-09-28,R5,remote_only,not_checked,pdf_download_not_verified
2025,June,,Careers360,download_page,landing_page,https://medicine.careers360.com/download/sample-papers/fmge-2025-question-paper-answers,2026-09-28,R5,remote_only,not_checked,pdf_download_not_verified
2024,unspecified,,Careers360,article_section,registration_link,https://medicine.careers360.com/articles/fmge-question-paper,2026-09-28,R5,remote_only,not_checked,article_links_to_registration_for_2024_pdf
2023,December,,Careers360,article_section,public_article,https://medicine.careers360.com/articles/fmge-question-paper,2026-09-28,R5,remote_only,not_checked,article_has_recall_questions_no_direct_pdf_verified
2025,January,,Scribd upload (uploader unknown),recall_document,public_document,https://www.scribd.com/document/821382459/19-1-25-300-Final-Fmge-Jan-2025-Subject-Wise-All-300,,R2,remote_only,not_checked,used_qualitatively_in_pattern_report_originating_provider_completeness_and_independence_unverified
2025,July,,Scribd upload (uploader unknown),recall_document,public_document,https://www.scribd.com/document/896472684/Fmge-July-25-Recall-Subject-Final,,R2,remote_only,not_checked,used_qualitatively_in_pattern_report_originating_provider_completeness_and_independence_unverified
